id,assists,bonus,bps,chance_of_playing_next_round,chance_of_playing_this_round,clean_sheets,code,cost_change_event,cost_change_event_fall,cost_change_start,cost_change_start_fall,creativity,dreamteam_count,element_type,ep_next,ep_this,event_points,first_name,form,goals_conceded,goals_scored,ict_index,in_dreamteam,influence,minutes,news,news_added,now_cost,own_goals,penalties_missed,penalties_saved,photo,points_per_game,red_cards,saves,second_name,selected_by_percent,special,squad_number,status,team,team_code,threat,total_points,transfers_in,transfers_in_event,transfers_out,transfers_out_event,value_form,value_season,web_name,yellow_cards
215,9,10,246,75.0,0.0,3,61366,0,0,5,-5,413.9,3,3,5.8,0.0,0,Kevin,6.8,4,2,87.8,True,294.8,528,Groin Injury - 75% chance of playing,2019-10-01T13:00:13.781598Z,100,0,0,0,61366.jpg,9.0,0,0,De Bruyne,31.2,False,,d,11,43,168.0,63,2155326,62599,1291380,124913,0.7,6.3,De Bruyne,0
210,3,6,255,,,2,37572,0,0,2,-2,135.7,2,4,6.2,6.2,2,Sergio,5.2,8,8,84.7,True,319.0,560,,,122,0,0,0,37572.jpg,7.6,0,0,Agüero,29.7,False,,a,11,43,392.0,61,1175122,34140,499989,30643,0.4,5.0,Agüero,0
192,2,8,162,100.0,100.0,3,110979,1,-1,2,-2,174.6,3,3,8.5,9.0,12,Sadio,8.0,4,5,69.1,True,258.0,606,,2019-09-22T20:00:17.288665Z,117,0,0,0,110979.jpg,7.1,0,0,Mané,25.9,False,,a,10,14,260.0,57,1313325,274235,632222,7174,0.7,4.9,Mané,0
191,3,7,150,75.0,,3,118748,0,0,0,0,214.6,2,3,4.0,5.8,2,Mohamed,4.8,5,4,91.9,True,240.6,708,Knock - 75% chance of playing,2019-10-05T16:00:14.089307Z,125,0,0,0,118748.jpg,6.9,0,0,Salah,36.8,False,,d,10,14,464.0,55,835361,7297,1179440,265753,0.4,4.4,Salah,0
11,1,10,215,,,2,54694,1,-1,1,-1,119.6,1,4,8.2,7.7,2,Pierre-Emerick,7.2,11,7,78.4,True,281.4,720,,,111,0,0,0,54694.jpg,6.9,0,0,Aubameyang,27.8,False,,a,1,3,384.0,55,918635,106716,845535,17423,0.7,5.0,Aubameyang,2
278,2,9,208,,,0,57127,-1,1,6,-6,122.8,1,4,4.2,4.7,1,Teemu,4.2,21,6,79.6,True,277.0,705,,,71,0,0,0,57127.jpg,6.8,0,0,Pukki,40.2,False,,a,14,45,397.0,54,3168026,14516,942842,296746,0.6,7.5,Pukki,1
460,0,11,201,100.0,100.0,1,173879,1,-1,7,-7,113.0,3,4,7.0,7.0,8,Tammy,6.5,10,8,73.9,False,295.2,569,,2019-09-14T17:00:16.854161Z,77,1,0,0,173879.jpg,6.8,0,0,Abraham,41.6,False,,a,6,8,332.0,54,2896085,187296,362809,12305,0.9,7.1,Abraham,2
67,3,4,173,,,0,75115,0,0,-1,1,135.1,1,4,7.0,6.5,2,Callum,7.0,13,5,62.8,False,216.6,697,,,79,0,0,0,75115.jpg,6.0,0,0,Wilson,12.7,False,,a,3,91,275.0,48,475372,73613,782718,18029,0.9,6.1,Callum Wilson,1
187,4,9,195,,,3,92217,0,0,1,-1,158.3,0,4,5.7,6.2,2,Roberto,5.2,4,3,78.0,False,214.6,650,,,96,0,0,0,92217.jpg,6.0,0,0,Firmino,13.4,False,,a,10,14,407.0,48,596490,20445,484731,33875,0.5,5.0,Firmino,0
214,0,4,167,,,2,103955,0,0,1,-1,198.8,1,3,3.8,3.8,2,Raheem,2.8,9,6,96.5,True,274.8,625,,,121,0,0,0,103955.jpg,6.9,0,0,Sterling,38.3,False,,a,11,43,491.0,48,1291163,42126,955394,58153,0.2,4.0,Sterling,2
217,5,6,170,,,3,103025,1,-1,2,-2,267.3,3,3,7.8,7.8,1,Riyad,6.8,1,2,71.0,False,218.4,457,,,87,0,0,0,103025.jpg,5.8,0,0,Mahrez,9.6,False,,a,11,43,224.0,46,720808,55123,281363,40337,0.8,5.3,Mahrez,0
166,1,8,143,,,2,101668,1,-1,0,0,59.7,2,4,4.5,3.5,2,Jamie,4.5,7,5,46.9,False,204.0,720,,,90,0,0,0,101668.jpg,5.8,0,0,Vardy,10.4,False,,a,9,13,209.0,46,498405,86076,507707,14191,0.5,5.2,Vardy,1
338,1,7,163,,,1,78830,-1,1,-1,1,91.5,1,4,6.8,6.8,2,Harry,5.8,12,5,59.0,False,220.4,714,,,109,0,0,0,78830.jpg,5.8,0,0,Kane,19.0,False,,a,17,6,279.0,46,681802,9265,1328910,74709,0.5,4.2,Kane,0
463,1,6,164,100.0,100.0,1,184341,1,-1,8,-8,235.7,0,3,6.5,6.5,7,Mason,6.0,14,4,69.3,False,224.4,709,,2019-09-17T21:00:14.257099Z,68,0,0,0,184341.jpg,5.8,0,0,Mount,34.3,False,,a,6,8,232.0,46,2709229,171775,578559,10921,0.9,6.9,Mount,0
428,1,7,124,,,2,213345,0,0,0,0,71.0,1,4,6.2,5.7,14,Wesley,6.2,10,4,59.0,False,199.0,694,,,60,0,1,0,213345.jpg,5.0,0,0,Moraes,2.6,False,,a,2,7,321.0,40,241607,57547,149347,5655,1.0,6.7,Wesley,0
159,0,5,154,,,2,111931,1,-1,2,-2,87.3,2,2,6.2,5.2,1,Ricardo Domingos,6.2,7,2,38.1,True,242.8,720,,,62,0,0,0,111931.jpg,5.0,0,0,Barbosa Pereira,10.0,False,,a,9,13,51.0,40,446526,128058,178752,8364,1.0,6.6,Pereira,0
219,5,3,137,,,4,20664,0,0,1,-1,153.7,2,3,5.0,5.0,3,David,4.0,4,1,49.9,False,141.2,482,,,76,0,0,0,20664.jpg,5.0,0,0,Silva,10.4,False,,a,11,43,204.0,40,731597,25398,382693,27386,0.5,5.3,David Silva,0
182,3,3,197,,,2,169187,0,0,2,-2,388.6,1,2,5.0,5.5,3,Trent,4.5,6,1,76.3,True,250.2,720,,,72,0,0,0,169187.jpg,5.0,0,0,Alexander-Arnold,30.2,False,,a,10,14,124.0,40,887801,43059,465720,17024,0.6,5.6,Alexander-Arnold,2
123,0,3,138,,,3,74230,0,0,1,-1,80.9,1,2,2.8,3.8,9,Patrick,3.8,8,2,32.0,False,162.2,720,,,56,1,0,0,74230.jpg,4.9,0,0,van Aanholt,11.9,False,,a,7,31,78.0,39,609716,43152,296408,10393,0.7,7.0,van Aanholt,0
297,1,7,155,,,3,153723,0,0,5,-5,130.4,2,2,4.2,5.2,5,John,5.2,7,1,36.0,True,138.4,688,,,45,0,0,0,153723.jpg,4.9,0,0,Lundstram,31.5,False,,a,15,49,91.0,39,1752469,69396,218554,8364,1.2,8.7,Lundstram,3
31,1,4,141,,,2,122806,0,0,3,-3,159.3,0,3,5.5,5.0,1,John,5.5,12,3,59.7,False,235.4,720,,,58,0,0,0,122806.jpg,4.9,0,0,McGinn,12.0,False,,a,2,7,203.0,39,903223,56030,302334,21535,0.9,6.7,McGinn,1
411,0,4,155,,,3,38533,0,0,1,-1,0.0,0,1,4.5,3.5,6,Rui Pedro,4.5,11,0,17.8,True,176.2,720,,,51,0,0,1,38533.jpg,4.8,0,20,dos Santos Patrício,10.3,False,,a,20,39,0.0,38,496386,75715,222639,6025,0.9,7.5,Patrício,0
233,2,7,132,100.0,100.0,2,176297,0,0,-1,1,146.0,1,4,3.7,4.7,2,Marcus,4.2,7,3,59.8,False,171.4,683,,2019-09-22T15:00:11.044112Z,84,0,1,0,176297.jpg,4.8,0,0,Rashford,10.1,False,,a,12,1,280.0,38,829660,3685,1448369,29457,0.5,4.5,Rashford,1
68,3,5,115,,,0,78007,0,0,-2,2,127.7,1,4,6.5,6.0,2,Joshua,6.5,13,2,46.1,False,178.6,708,,,63,0,0,0,78007.jpg,4.8,0,0,King,9.5,False,,a,3,91,155.0,38,384280,41619,1004610,19796,1.0,6.0,King,0
457,1,5,146,100.0,100.0,3,103123,0,0,-1,1,106.8,1,4,3.5,3.5,5,Sébastien,3.5,10,4,69.8,False,204.4,630,,2019-08-15T15:30:11.044189Z,74,0,0,0,103123.jpg,5.3,0,0,Haller,5.2,False,,a,19,21,387.0,37,461471,15216,395336,12058,0.5,5.0,Haller,1
47,0,6,176,,,3,131897,0,0,1,-1,0.0,0,1,5.8,4.8,7,Mathew,5.8,10,0,20.0,False,199.8,720,,,46,0,0,0,131897.jpg,4.4,0,24,Ryan,13.9,False,,a,4,36,0.0,35,435401,71343,339430,5733,1.3,7.6,Ryan,0
342,3,3,111,100.0,100.0,1,85971,0,0,3,-3,148.7,1,3,8.0,8.0,2,Heung-Min,7.0,9,2,55.4,False,163.8,483,,2019-06-25T11:30:07.273840Z,98,0,0,0,85971.jpg,5.8,0,0,Son,12.2,False,,a,17,6,242.0,35,937176,33971,249632,59420,0.7,3.6,Son,0
218,1,2,145,,,1,165809,0,0,-1,1,115.7,1,3,7.2,7.2,1,Bernardo Mota,6.2,8,4,64.2,False,206.6,371,,,79,0,0,0,165809.jpg,5.0,0,0,Veiga de Carvalho e Silva,15.0,False,,a,11,43,320.0,35,536308,34909,1184149,45241,0.8,4.4,Bernardo Silva,2
409,2,5,116,100.0,100.0,3,102057,-1,1,-4,4,131.8,0,4,4.0,3.0,10,Raúl,4.0,10,2,51.9,False,156.4,673,,2019-08-02T08:30:15.227417Z,71,0,0,0,102057.jpg,4.2,0,0,Jiménez,8.7,False,,a,20,39,232.0,34,257086,29766,1084601,11084,0.6,4.8,Jiménez,1
171,2,4,110,75.0,100.0,1,172780,1,-1,2,-2,212.9,0,3,4.5,3.5,7,James,4.5,6,2,55.3,False,150.8,620,Illness - 75% chance of playing,2019-10-10T11:00:19.278165Z,72,0,0,0,172780.jpg,4.9,0,0,Maddison,12.2,False,,d,9,13,190.0,34,652417,130987,495682,11445,0.6,4.8,Maddison,1
30,3,0,104,100.0,100.0,2,193488,0,0,0,0,122.2,0,3,6.0,5.5,9,Anwar,6.0,9,2,53.4,False,174.4,484,,2019-08-04T16:30:15.264156Z,55,0,0,0,193488.jpg,4.9,0,0,El Ghazi,1.3,False,,a,2,7,236.0,34,85509,42354,32375,3905,1.1,6.2,El Ghazi,0
447,3,5,160,75.0,,2,39487,0,0,3,-3,116.4,1,2,3.0,4.0,1,Erik,4.0,9,0,29.3,False,173.2,684,Ankle injury - 75% chance of playing,2019-10-05T16:00:14.585530Z,48,0,0,0,39487.jpg,4.2,0,0,Pieters,12.3,False,,d,5,90,4.0,34,927714,6768,269690,41699,0.8,7.1,Pieters,0
392,0,5,117,,,3,56377,0,0,0,0,123.9,1,3,6.0,6.0,1,Andriy,6.0,4,3,41.5,False,145.0,453,,,60,0,0,0,56377.jpg,4.9,0,0,Yarmolenko,6.0,False,,a,19,21,145.0,34,432890,35066,49319,21556,1.0,5.7,Yarmolenko,1
90,0,4,111,100.0,100.0,4,44699,0,0,0,0,26.7,1,4,1.8,1.8,2,Ashley,1.8,7,4,43.9,False,149.0,644,,2019-09-12T15:00:18.746866Z,65,0,0,0,44699.jpg,4.2,0,0,Barnes,6.4,False,,a,5,90,271.0,34,988429,3757,750478,44845,0.3,5.2,Barnes,2
42,2,7,173,,,3,83299,0,0,1,-1,27.7,2,2,4.8,3.8,10,Lewis,4.8,10,0,25.3,False,176.8,720,,,46,0,0,0,83299.jpg,4.1,0,0,Dunk,11.1,False,,a,4,36,48.0,33,520096,64821,313596,5668,1.0,7.2,Dunk,4
471,0,2,145,,,3,172649,0,0,0,0,0.0,1,1,3.8,4.8,6,Dean,4.8,7,0,17.9,False,159.0,720,,,45,0,0,0,172649.jpg,4.1,0,23,Henderson,3.5,False,,a,15,49,18.0,33,176553,25692,57969,5101,1.1,7.3,Henderson,1
291,1,4,165,,,3,63426,0,0,0,0,112.9,1,2,3.5,4.5,6,Enda,4.5,7,0,30.2,False,138.8,720,,,50,0,0,0,63426.jpg,4.1,0,0,Stevens,0.7,False,,a,15,49,50.0,33,38097,6526,20466,1786,0.9,6.6,Stevens,0
183,0,3,154,,,2,97032,0,0,0,0,26.2,0,2,4.0,4.5,2,Virgil,3.5,6,1,30.8,False,201.6,720,,,65,0,0,0,97032.jpg,4.1,0,0,van Dijk,46.6,False,,a,10,14,80.0,33,540146,14638,900162,49031,0.5,5.1,van Dijk,0
181,2,3,178,100.0,100.0,2,122798,0,0,-1,1,182.1,0,2,5.7,6.2,2,Andrew,5.2,6,0,49.8,False,185.6,720,,2019-09-16T20:00:14.442895Z,69,0,0,0,122798.jpg,4.1,0,0,Robertson,19.5,False,,a,10,14,130.0,33,240720,19379,973617,25454,0.8,4.8,Robertson,0
287,2,2,120,75.0,75.0,0,193111,-1,1,4,-4,165.6,0,3,3.0,2.6,2,Todd,3.0,19,2,59.5,False,179.4,685,Hamstring injury - 75% chance of playing,2019-10-10T15:30:11.414694Z,49,0,0,0,193111.jpg,4.1,0,0,Cantwell,24.7,False,,d,14,45,250.0,33,2080855,14703,532994,89388,0.6,6.7,Cantwell,1
313,1,5,122,,,1,84939,0,0,-1,1,92.6,0,4,4.5,4.0,7,Danny,4.5,9,3,49.3,False,153.2,441,,,59,0,0,0,84939.jpg,4.1,0,0,Ings,1.7,False,,a,16,20,248.0,33,122075,6952,163077,3076,0.8,5.6,Ings,0
150,1,3,115,,,2,212319,0,0,-1,1,108.2,1,3,2.5,2.5,2,Richarlison,2.5,12,2,54.7,False,177.6,669,,,79,0,0,0,212319.jpg,4.1,0,0,de Andrade,6.8,False,,a,8,11,261.0,33,407223,7203,565029,24660,0.3,4.2,Richarlison,1
417,1,6,111,,,2,159533,0,0,0,0,118.4,1,3,7.0,6.0,16,Adama,7.0,8,2,36.4,False,167.2,470,,,50,0,0,0,159533.jpg,4.6,0,0,Traoré,1.4,False,,a,20,39,79.0,32,87350,67622,22052,3646,1.4,6.4,Traoré,0
405,1,7,159,100.0,100.0,3,90585,0,0,0,0,55.5,0,2,4.0,3.0,7,Willy,4.0,6,0,27.4,False,203.0,630,,2019-09-01T15:30:11.516800Z,50,0,0,0,90585.jpg,4.6,1,0,Boly,5.5,False,,a,20,39,14.0,32,244672,33391,321213,4447,0.8,6.4,Boly,0
388,0,4,135,0.0,0.0,3,37096,0,0,1,-1,0.0,2,1,0.0,0.0,0,Lukasz,4.8,8,0,14.5,False,145.8,573,Hip injury - Expected back 01 Jan,2019-09-28T16:00:17.571284Z,51,0,0,0,37096.jpg,4.6,0,20,Fabianski,4.0,False,,i,19,21,0.0,32,231059,470,302302,45327,0.9,6.3,Fabianski,0
468,0,9,105,,,5,80146,0,0,1,-1,73.9,0,4,2.0,3.0,9,Jordan,3.0,5,3,44.5,False,129.6,539,,,51,0,0,0,80146.jpg,4.6,0,0,Ayew,7.8,False,,a,7,31,241.0,32,681332,22403,398634,18928,0.6,6.3,Ayew,3
93,0,2,167,100.0,100.0,3,98747,1,-1,2,-2,20.3,0,1,4.2,4.2,7,Nick,4.2,9,0,21.0,False,188.6,720,,2019-07-31T00:00:11.182051Z,47,0,0,0,98747.jpg,4.0,0,26,Pope,15.1,False,,a,5,90,2.0,32,760721,25211,200243,9021,0.9,7.0,Pope,0
235,0,5,133,,,2,51940,0,0,1,-1,0.0,1,1,3.7,4.7,2,David,4.2,8,0,16.5,False,165.0,720,,,56,0,0,0,51940.jpg,4.0,0,22,de Gea,17.2,False,,a,12,1,0.0,32,693468,12866,523245,38895,0.8,5.7,de Gea,0
126,1,5,143,,,3,55494,0,0,1,-1,53.7,0,2,2.5,3.5,1,Joel,3.5,8,0,23.3,False,155.4,720,,,46,0,0,0,55494.jpg,4.0,0,0,Ward,3.5,False,,a,7,31,23.0,32,250998,6908,72621,7824,0.8,7.0,Ward,2
346,2,2,125,,,1,62974,0,0,1,-1,175.3,1,3,4.2,4.2,2,Erik,3.2,9,2,44.5,False,152.2,575,,,61,0,0,0,62974.jpg,3.9,0,0,Lamela,4.1,False,,a,17,6,117.0,31,465661,3912,283263,24085,0.5,5.1,Lamela,2
91,0,4,90,,,3,60689,0,0,-3,3,57.7,1,4,6.0,6.0,2,Chris,6.0,8,3,43.2,False,119.4,665,,,62,1,0,0,60689.jpg,3.8,0,0,Wood,1.3,False,,a,5,90,260.0,30,83386,4191,104665,6518,1.0,4.8,Wood,0
248,1,5,116,,,2,195851,0,0,0,0,94.5,0,3,3.3,4.3,1,Scott,3.8,7,1,38.3,False,160.0,705,,,50,0,0,0,195851.jpg,3.8,0,0,McTominay,2.0,False,,a,12,1,129.0,30,147680,8922,71820,8123,0.8,6.0,McTominay,1
185,0,4,125,75.0,0.0,2,60914,0,0,0,0,19.6,0,2,2.8,0.0,0,Joel,3.2,4,1,22.4,False,167.8,540,Knock - 75% chance of playing,2019-10-01T13:00:13.736264Z,55,0,0,0,60914.jpg,5.0,0,0,Matip,4.4,False,,d,10,14,35.0,30,421337,4865,240493,26205,0.6,5.5,Matip,0
131,0,2,146,,,3,40836,0,0,0,0,0.0,1,1,2.8,3.8,3,Vicente,3.8,8,0,17.3,False,173.6,720,,,50,0,0,0,40836.jpg,3.8,0,20,Guaita,0.8,False,,a,7,31,0.0,30,44685,2354,28951,2262,0.8,6.0,Guaita,1
283,4,3,128,,,0,195546,0,0,0,0,290.4,1,3,4.2,4.7,2,Emiliano,4.2,20,0,67.2,False,212.8,712,,,60,0,0,0,195546.jpg,3.8,0,0,Buendía,1.9,False,,a,14,45,168.0,30,169334,2304,92102,11730,0.7,5.0,Buendía,1
401,1,3,84,100.0,100.0,2,87835,0,0,0,0,23.1,1,2,5.2,4.2,1,Matt,5.2,4,1,21.5,False,79.0,412,,2019-09-01T18:30:14.976154Z,60,0,0,0,87835.jpg,4.3,0,0,Doherty,2.9,False,,a,20,39,112.0,30,78640,15680,139442,4423,0.9,5.0,Doherty,0
294,1,3,117,,,3,82691,0,0,0,0,93.7,0,2,2.8,3.8,6,George,3.8,7,0,26.1,False,116.8,720,,,45,0,0,0,82691.jpg,3.8,0,0,Baldock,0.7,False,,a,15,49,50.0,30,52848,3636,21399,1094,0.8,6.7,Baldock,2
252,0,2,134,100.0,100.0,3,119471,0,0,0,0,5.5,0,2,2.3,2.3,5,Fabian,2.8,13,1,29.6,False,212.6,703,,2019-09-14T16:30:11.209394Z,50,0,0,0,119471.jpg,3.8,0,0,Schär,2.5,False,,a,13,4,78.0,30,123196,3085,88403,3894,0.6,6.0,Schär,2
97,3,0,111,100.0,100.0,4,433154,0,0,0,0,155.6,0,3,3.2,3.2,3,Dwight,3.2,8,0,34.5,False,106.0,696,,2019-09-26T14:30:17.961067Z,60,0,0,0,433154.jpg,3.6,0,0,McNeil,0.4,False,,a,5,90,84.0,29,32991,982,32335,1663,0.5,4.8,McNeil,0
118,2,5,158,,,1,85955,1,-1,1,-1,147.9,1,3,5.3,5.3,1,Jorge Luiz,4.8,13,1,36.6,False,174.0,682,,,51,0,0,0,85955.jpg,3.6,0,0,Frello Filho,5.4,False,,a,6,8,42.0,29,301184,19021,210814,17536,0.9,5.7,Jorginho,4
212,0,0,146,,,3,121160,0,0,1,-1,0.0,0,1,4.0,4.0,0,Ederson,3.0,9,0,17.7,False,177.4,720,,,61,0,0,0,121160.jpg,3.6,0,20,Santana de Moraes,21.8,False,,a,11,43,0.0,29,651257,19200,487969,30907,0.5,4.8,Ederson,2
128,1,2,117,100.0,100.0,3,58786,0,0,1,-1,11.7,0,2,2.2,3.2,7,Martin,3.2,3,0,13.5,False,115.4,528,,2019-08-31T17:30:17.529253Z,41,0,0,0,58786.jpg,4.8,0,0,Kelly,25.7,False,,a,7,31,8.0,29,771716,40507,573535,11931,0.8,7.1,Kelly,0
29,2,2,142,,,2,114283,0,0,-1,1,253.0,0,3,4.2,3.7,7,Jack,4.2,12,1,58.6,False,212.8,720,,,59,0,0,0,114283.jpg,3.6,0,0,Grealish,3.8,False,,a,2,7,120.0,29,117512,10366,248453,3663,0.7,4.9,Grealish,2
262,0,1,139,,,3,67089,0,0,0,0,0.0,0,1,3.5,3.5,8,Martin,4.0,13,0,15.9,False,157.6,720,,,50,0,0,0,67089.jpg,3.6,0,22,Dubravka,0.9,False,,a,13,4,0.0,29,23988,1277,32809,1136,0.8,5.8,Dubravka,0
304,0,6,136,,,2,93100,0,0,2,-2,62.8,2,2,1.8,1.3,0,Jannik,1.8,11,1,34.7,False,162.4,618,,,52,0,0,0,93100.jpg,4.1,0,0,Vestergaard,6.1,False,,a,16,20,122.0,29,501036,2916,152734,20206,0.3,5.6,Vestergaard,1
243,0,1,81,100.0,100.0,1,200617,-1,1,1,-1,69.2,0,3,1.5,2.5,2,Daniel,2.0,8,3,42.8,False,140.2,644,,2019-09-18T13:00:18.535186Z,61,0,0,0,200617.jpg,3.6,0,0,James,11.3,False,,a,12,1,222.0,29,1083702,10646,554565,55536,0.3,4.7,James,3
162,1,4,159,,,2,37642,0,0,0,0,14.5,1,2,3.8,2.8,0,Jonny,3.8,7,0,24.0,False,184.4,720,,,50,0,0,0,37642.jpg,3.6,0,0,Evans,2.0,False,,a,9,13,41.0,29,113725,13235,51716,3993,0.8,5.8,Evans,1
502,0,4,96,,,3,115382,0,0,0,0,66.6,0,4,4.5,3.5,7,Neal,4.5,6,3,53.6,False,125.0,520,,,60,0,0,0,115382.jpg,3.6,0,0,Maupay,0.6,False,,a,4,36,345.0,29,68781,7225,60634,1666,0.8,4.8,Maupay,1
176,0,3,138,100.0,100.0,2,203341,0,0,0,0,62.1,0,3,3.2,2.2,1,Wilfred,3.2,6,2,32.5,False,205.4,630,,2019-08-27T11:00:13.484600Z,50,0,0,0,203341.jpg,4.0,0,0,Ndidi,3.1,False,,a,9,13,56.0,28,250911,8287,165702,6894,0.6,5.6,Ndidi,1
168,0,0,141,,,2,17745,0,0,0,0,10.0,0,1,3.8,2.8,3,Kasper,3.8,7,0,19.8,False,188.4,720,,,50,0,0,0,17745.jpg,3.5,0,22,Schmeichel,7.6,False,,a,9,13,0.0,28,231285,44849,154106,6086,0.8,5.6,Schmeichel,0
85,1,0,141,,,3,68983,0,0,0,0,136.4,0,2,4.5,4.5,6,Matthew,4.5,9,0,30.5,False,156.2,720,,,45,0,0,0,68983.jpg,3.5,0,0,Lowton,1.1,False,,a,5,90,11.0,28,78640,7175,28953,2296,1.0,6.2,Lowton,0
498,1,3,106,100.0,100.0,2,92159,0,0,0,0,59.3,1,2,5.7,5.7,12,Jetro,6.2,5,1,22.6,False,95.2,387,,2019-09-29T18:00:18.951779Z,45,0,0,0,92159.jpg,5.6,0,0,Willems,0.5,False,,a,13,4,71.0,28,26496,11741,13277,1386,1.4,6.2,Willems,0
448,1,2,122,,,2,166989,0,0,-1,1,171.2,1,3,2.2,1.2,2,Youri,2.2,7,1,43.9,False,118.0,711,,,64,0,0,0,166989.jpg,3.5,0,0,Tielemans,4.2,False,,a,9,13,149.0,28,173630,5916,271580,10350,0.3,4.4,Tielemans,0
380,1,2,145,100.0,100.0,3,81012,0,0,0,0,125.1,0,2,4.5,4.5,3,Ryan,4.5,11,0,31.4,False,146.8,709,,2019-09-22T15:00:11.366711Z,45,0,0,0,81012.jpg,3.4,0,0,Fredericks,1.1,False,,a,19,21,42.0,27,70038,8792,22081,2611,1.0,6.0,Fredericks,2
141,2,3,147,100.0,100.0,2,101188,0,0,0,0,249.4,1,2,1.0,1.0,2,Lucas,1.0,13,0,51.6,False,148.6,702,,2019-08-17T16:00:09.148104Z,60,0,0,0,101188.jpg,3.4,0,0,Digne,21.9,False,,a,8,11,118.0,27,823627,6681,973970,66583,0.2,4.5,Digne,1
199,0,2,99,,,4,41733,0,0,-1,1,50.9,1,3,4.7,5.2,3,Georginio,4.2,4,1,21.6,False,84.2,678,,,54,0,0,0,41733.jpg,3.4,0,0,Wijnaldum,2.5,False,,a,10,14,81.0,27,96863,7685,117221,5520,0.8,5.0,Wijnaldum,0
455,0,4,134,75.0,,3,108156,0,0,0,0,3.5,1,2,2.6,3.0,6,Bjorn,3.5,11,0,16.8,False,147.8,704,Knock - 75% chance of playing,2019-10-05T16:00:14.611602Z,45,0,0,0,108156.jpg,3.4,0,0,Engels,1.0,False,,d,2,7,15.0,27,82110,491,34431,3381,0.8,6.0,Engels,1
488,2,2,92,100.0,100.0,1,195735,0,0,-2,2,176.4,0,3,5.5,5.0,6,Nicolas,4.5,10,1,53.8,False,131.2,559,,2019-08-09T09:30:12.533555Z,93,0,0,0,195735.jpg,3.4,0,0,Pépé,3.4,False,,a,1,3,229.0,27,157898,11480,283084,8841,0.5,2.9,Pépé,1
14,0,1,154,,,2,80201,0,0,0,0,0.0,0,1,4.2,3.7,6,Bernd,3.2,11,0,20.9,False,209.4,720,,,50,0,0,0,80201.jpg,3.4,0,34,Leno,6.3,False,,a,1,3,0.0,27,259446,16473,230655,6313,0.6,5.4,Leno,2
319,0,3,135,,,2,107265,0,0,0,0,0.0,1,1,3.0,2.5,1,Angus,3.0,15,0,17.3,False,171.6,720,,,45,0,0,0,107265.jpg,3.4,0,24,Gunn,3.5,False,,a,16,20,0.0,27,229098,1833,80072,7611,0.7,6.0,Gunn,0
295,0,1,140,,,3,108416,0,0,0,0,2.8,0,2,3.2,4.2,6,John,4.2,7,0,17.0,False,148.4,720,,,45,0,0,0,108416.jpg,3.4,0,0,Egan,0.2,False,,a,15,49,18.0,27,6463,756,5718,302,0.9,6.0,Egan,0
505,0,1,100,,,0,153682,0,0,1,-1,83.9,0,3,2.8,2.3,2,Harry,2.8,10,3,33.0,False,127.6,464,,,61,0,0,0,153682.jpg,3.9,0,0,Wilson,3.6,False,,a,3,91,117.0,27,329963,8359,178211,10521,0.5,4.4,Harry Wilson,1
84,0,3,127,100.0,100.0,3,17761,0,0,0,0,22.4,0,2,4.2,4.2,9,James,4.2,9,0,29.1,False,163.6,720,,2019-08-03T18:30:13.047591Z,50,0,0,0,17761.jpg,3.2,0,0,Tarkowski,1.6,False,,a,5,90,106.0,26,41365,4828,48112,1350,0.8,5.2,Tarkowski,2
293,0,1,136,,,3,146610,0,0,0,0,29.0,0,2,3.0,4.0,7,Jack,4.0,7,0,27.1,False,148.8,720,,,45,0,0,0,146610.jpg,3.2,0,0,O'Connell,0.3,False,,a,15,49,94.0,26,8583,721,12632,385,0.9,5.8,O'Connell,1
208,1,0,129,,,2,57410,0,0,1,-1,30.9,1,2,5.5,5.5,1,Nicolás,4.5,9,1,39.5,False,151.6,602,,,56,0,0,0,57410.jpg,3.7,0,0,Otamendi,8.3,False,,a,11,43,214.0,26,567266,20611,123939,19487,0.8,4.6,Otamendi,2
423,0,0,114,,,3,40386,0,0,0,0,31.8,0,2,3.0,4.0,6,Chris,4.0,7,0,19.2,False,126.6,684,,,45,0,0,0,40386.jpg,3.2,0,0,Basham,0.2,False,,a,15,49,33.0,26,6548,462,5755,226,0.9,5.8,Basham,0
494,1,3,140,,,0,225321,0,0,0,0,10.0,1,1,4.2,3.7,2,Aaron,4.2,13,0,22.3,False,212.0,720,,,45,0,0,0,225321.jpg,3.1,0,27,Ramsdale,0.9,False,,a,3,91,0.0,25,68819,5311,21940,1956,0.9,5.6,Ramsdale,0
442,1,2,101,100.0,100.0,0,231372,0,0,0,0,60.8,0,3,3.8,3.8,1,Tanguy,2.8,8,2,27.8,False,163.6,410,,2019-08-23T12:30:08.461512Z,60,0,0,0,231372.jpg,4.2,0,0,Ndombele,4.2,False,,a,17,6,53.0,25,557961,3559,671196,12552,0.5,4.2,Ndombele,0
390,3,0,126,100.0,100.0,3,101537,0,0,-1,1,184.3,0,3,4.0,4.0,2,Felipe Anderson,4.0,7,0,57.5,False,168.8,546,,2019-08-10T16:30:08.726727Z,69,0,0,0,101537.jpg,3.6,0,0,Pereira Gomes,4.6,False,,a,19,21,221.0,25,114860,5149,361046,8679,0.6,3.6,Felipe Anderson,1
83,0,0,123,,,3,51927,0,0,0,0,31.9,0,2,3.8,3.8,6,Ben,3.8,9,0,24.5,False,162.2,720,,,50,0,0,0,51927.jpg,3.1,0,0,Mee,1.0,False,,a,5,90,50.0,25,32709,1979,28093,1071,0.8,5.0,Mee,0
381,0,2,121,,,3,219924,0,0,0,0,16.1,0,2,3.2,3.2,1,Issa,3.2,11,0,21.4,False,114.8,720,,,45,0,0,0,219924.jpg,3.1,0,0,Diop,5.2,False,,a,19,21,83.0,25,213683,3331,122848,8534,0.7,5.6,Diop,1
113,1,5,96,100.0,100.0,1,47431,0,0,0,0,76.1,1,3,6.0,6.0,8,Willian,5.5,6,1,28.0,False,96.2,415,,2019-07-30T11:00:13.285605Z,70,0,0,0,47431.jpg,3.6,0,0,Borges Da Silva,1.6,False,,a,6,8,108.0,25,88750,18889,49550,3763,0.8,3.6,Willian,0
164,1,0,164,,,2,218031,1,-1,2,-2,14.6,0,2,2.5,1.5,0,Çaglar,2.5,7,0,21.0,False,179.6,720,,,47,0,0,0,218031.jpg,3.1,0,0,Söyüncü,6.9,False,,a,9,13,15.0,25,549136,32816,135431,7783,0.5,5.3,Söyüncü,1
445,1,3,147,,,2,149484,0,0,1,-1,26.6,0,2,2.2,1.7,2,Tyrone,2.2,12,0,27.6,False,235.0,720,,,46,0,0,0,149484.jpg,3.1,0,0,Mings,5.9,False,,a,2,7,14.0,25,397853,3825,151303,7888,0.5,5.4,Mings,1
403,0,1,130,,,3,94147,0,0,0,0,11.4,0,2,3.5,2.5,6,Conor,3.5,11,0,13.5,False,123.2,720,,,50,0,0,0,94147.jpg,3.1,0,0,Coady,1.4,False,,a,20,39,0.0,25,34554,2291,47116,1089,0.7,5.0,Coady,1
475,0,0,125,,,3,78916,0,0,0,0,106.0,0,2,3.8,2.8,6,Dan,3.8,10,0,30.8,False,143.8,720,,,45,0,0,0,78916.jpg,3.0,0,0,Burn,0.3,False,,a,4,36,59.0,24,16079,1656,9191,430,0.8,5.3,Burn,0
101,2,2,108,,,3,60551,0,0,-1,1,221.4,0,3,3.8,3.8,5,Ashley,3.8,9,0,36.7,False,127.2,720,,,54,0,0,0,60551.jpg,3.0,0,0,Westwood,0.5,False,,a,5,90,19.0,24,14769,1001,35283,846,0.7,4.4,Westwood,3
321,0,2,109,,,2,101178,0,0,-2,2,209.6,0,3,4.0,3.5,2,James,4.0,15,1,40.3,False,122.2,720,,,58,0,0,0,101178.jpg,3.0,0,0,Ward-Prowse,0.7,False,,a,16,20,71.0,24,26209,1347,42366,1949,0.7,4.1,Ward-Prowse,1
21,2,2,126,,,2,242166,1,-1,2,-2,115.4,0,3,3.5,3.0,3,Matteo,2.5,10,0,35.5,False,153.0,691,,,47,0,0,0,242166.jpg,3.0,0,0,Guendouzi,10.9,False,,a,1,3,86.0,24,658618,21099,320542,19640,0.5,5.1,Guendouzi,2
391,2,3,118,100.0,100.0,2,86934,-1,1,-1,1,243.2,0,3,1.5,1.5,2,Manuel,1.5,8,0,44.7,False,97.8,537,,2019-09-20T12:00:18.238214Z,64,0,0,0,86934.jpg,3.4,0,0,Lanzini,1.7,False,,a,19,21,107.0,24,244610,1243,225239,6896,0.2,3.7,Lanzini,0
148,0,1,139,,,2,111234,0,0,0,0,0.0,0,1,2.0,2.0,2,Jordan,2.0,13,0,15.9,False,158.6,720,,,55,0,0,0,111234.jpg,3.0,0,19,Pickford,9.4,False,,a,8,11,0.0,24,331876,6052,366824,17193,0.4,4.4,Pickford,0
94,0,0,122,75.0,,2,21205,0,0,0,0,0.0,0,1,3.0,2.5,3,Tom,3.0,12,0,13.4,False,135.0,720,Muscle injury - 75% chance of playing,2019-10-08T22:30:12.278354Z,45,0,0,0,21205.jpg,3.0,0,19,Heaton,6.6,False,,d,2,7,0.0,24,202912,3317,171240,10715,0.7,5.3,Heaton,0
258,0,0,135,100.0,100.0,3,101148,0,0,-1,1,12.8,0,2,2.7,2.7,6,Jamaal,3.2,13,0,18.5,False,143.8,711,,2019-08-25T18:00:16.679021Z,44,0,0,0,101148.jpg,3.0,0,0,Lascelles,4.9,False,,a,13,4,28.0,24,57002,2938,201975,4805,0.7,5.5,Lascelles,0
343,1,3,100,,,1,80607,0,0,-2,2,187.8,0,3,3.8,3.8,2,Christian,2.8,9,1,43.3,False,130.4,515,,,88,0,0,0,80607.jpg,2.9,0,0,Eriksen,3.8,False,,a,17,6,116.0,23,102563,2650,312937,10516,0.3,2.6,Eriksen,2
100,0,4,64,100.0,100.0,2,83314,0,0,-1,1,17.8,0,3,5.5,5.5,10,Jeff,5.5,3,2,20.0,False,83.4,305,,2019-09-21T16:30:10.837857Z,54,0,0,0,83314.jpg,4.6,0,0,Hendrick,0.1,False,,a,5,90,99.0,23,4695,2611,4636,638,1.0,4.3,Hendrick,1
526,0,0,105,100.0,100.0,2,60706,0,0,1,-1,0.0,0,1,3.3,3.8,2,Adrián,2.8,6,0,9.1,False,90.4,681,,2019-08-16T11:00:10.760553Z,46,0,0,0,60706.jpg,2.9,0,12,San Miguel del Castillo,6.7,False,,a,10,14,0.0,23,567142,8798,208415,24682,0.6,5.0,Adrián,1
200,2,3,70,100.0,100.0,1,15157,0,0,-2,2,55.1,1,3,4.3,4.8,13,James,3.8,2,1,18.3,False,87.6,225,,2019-09-27T10:30:15.087691Z,53,0,0,0,15157.jpg,3.3,0,0,Milner,0.7,False,,a,10,14,39.0,23,22846,4033,43939,878,0.7,4.3,Milner,1
340,0,0,123,0.0,,1,37915,0,0,0,0,0.0,0,1,0.0,4.0,1,Hugo,3.0,8,0,20.6,False,206.0,548,Arm injury - Unknown return date,2019-10-05T13:30:15.098154Z,55,0,0,0,37915.jpg,3.3,0,30,Lloris,6.7,False,,i,17,6,0.0,23,217157,228,402954,128698,0.5,4.2,Lloris,0
376,0,2,70,75.0,,1,55459,1,-1,0,0,8.9,1,2,4.3,5.8,2,Aaron,5.8,8,2,17.3,False,106.6,353,Knock - 75% chance of playing,2019-10-05T18:30:12.996154Z,50,0,0,0,55459.jpg,5.8,0,0,Cresswell,2.2,False,,d,19,21,57.0,23,147840,6107,34418,12388,1.2,4.6,Cresswell,0
453,1,1,38,100.0,100.0,2,171975,0,0,-2,2,17.4,1,3,1.0,2.0,3,Callum,2.0,4,1,20.0,False,45.2,484,,2019-09-07T11:00:18.474845Z,53,0,0,0,171975.jpg,2.9,0,0,Robinson,0.6,False,,a,15,49,140.0,23,44809,655,65463,1998,0.4,4.3,Robinson,0
396,1,2,88,100.0,100.0,3,18073,0,0,0,0,68.1,1,3,2.8,2.8,2,Mark,2.8,5,1,21.8,False,76.4,518,,2019-08-03T18:30:13.409612Z,50,0,0,0,18073.jpg,3.8,0,0,Noble,1.0,False,,a,19,21,74.0,23,75352,1105,42031,2946,0.6,4.6,Noble,2
443,0,1,144,,,3,220566,0,0,0,0,165.1,0,3,4.2,4.2,1,Rodrigo,3.2,8,1,40.4,False,171.4,649,,,55,0,0,0,220566.jpg,2.8,0,0,Hernandez,1.6,False,,a,11,43,67.0,22,105690,2786,108642,5675,0.6,4.0,Rodrigo,2
370,1,3,70,,,0,108413,0,0,0,0,71.0,0,3,-0.2,0.8,0,Will,0.8,16,1,23.8,False,104.0,419,,,55,0,0,0,108413.jpg,3.7,0,0,Hughes,0.6,False,,a,18,57,64.0,22,59603,112,41817,3655,0.1,4.0,Hughes,0
59,1,1,147,,,0,126184,0,0,-1,1,45.0,0,2,4.2,3.7,2,Nathan,4.2,13,1,38.5,False,226.8,720,,,49,0,0,0,126184.jpg,2.8,0,0,Aké,12.1,False,,a,3,91,114.0,22,184570,15239,535170,10493,0.9,4.5,Aké,1
366,0,5,126,,,1,9089,0,0,-2,2,10.0,1,1,1.8,2.8,10,Ben,2.8,20,0,18.0,False,169.4,720,,,48,0,0,0,9089.jpg,2.8,0,22,Foster,1.6,False,,a,18,57,0.0,22,14845,1637,91524,1631,0.6,4.6,Foster,0
415,1,3,115,,,3,19624,0,0,-1,1,204.3,0,3,2.2,1.2,2,João Filipe Iria,2.2,9,0,36.3,False,157.2,629,,,54,0,0,0,19624.jpg,2.8,0,0,Santos Moutinho,4.2,False,,a,20,39,0.0,22,143696,2326,304643,8590,0.4,4.1,Moutinho,1
377,0,0,120,,,3,40669,0,0,0,0,3.7,0,2,3.2,3.2,1,Angelo,3.2,6,0,17.1,False,140.8,630,,,45,0,0,0,40669.jpg,3.1,0,0,Ogbonna,0.5,False,,a,19,21,27.0,22,19093,588,12426,879,0.7,4.9,Ogbonna,2
469,2,3,90,,,1,182539,-1,1,0,0,142.4,1,3,2.8,2.3,3,Daniel,1.8,7,0,29.5,False,98.0,434,,,55,0,0,0,182539.jpg,2.8,0,0,Ceballos Fernández,8.9,False,,a,1,3,55.0,22,974860,5447,711449,32001,0.3,4.0,Ceballos,0
467,0,2,79,,,2,101184,0,0,-1,1,37.0,0,2,5.0,4.5,8,Calum,4.0,2,1,20.0,False,83.2,315,,,44,0,0,0,101184.jpg,5.5,0,0,Chambers,1.2,False,,a,1,3,80.0,22,66539,13057,52003,1959,0.9,5.0,Chambers,1
470,0,2,76,,,2,230046,0,0,0,0,41.1,0,3,1.8,1.3,6,Douglas Luiz,1.8,5,2,17.7,False,112.2,279,,,45,0,0,0,230046.jpg,3.7,0,0,Soares de Paulo,3.9,False,,a,2,7,23.0,22,414265,14127,227506,7778,0.4,4.9,Douglas Luiz,1
225,0,2,119,75.0,,2,184667,0,0,-1,1,26.7,0,2,1.7,3.3,0,Victor,2.8,7,0,14.3,False,116.2,630,Back injury - 75% chance of playing,2019-10-06T16:30:21.359606Z,54,0,0,0,184667.jpg,3.0,0,0,Lindelöf,1.3,False,,d,12,1,0.0,21,40183,795,52509,7418,0.5,3.9,Lindelöf,1
5,0,2,126,,,2,39476,0,0,0,0,24.0,0,2,3.5,3.0,6,Sokratis,2.5,11,0,18.4,False,150.2,720,,,50,0,0,0,39476.jpg,2.6,0,0,Papastathopoulos,1.8,False,,a,1,3,10.0,21,74717,3413,82750,2274,0.5,4.2,Sokratis,1
203,1,0,129,,,2,58621,0,0,0,0,95.1,0,2,2.2,2.2,1,Kyle,1.2,7,0,23.1,False,86.8,637,,,60,0,0,0,58621.jpg,2.6,0,0,Walker,16.4,False,,a,11,43,48.0,21,444325,6270,633080,34889,0.2,3.5,Walker,2
49,1,1,93,,,3,60307,0,0,-1,1,301.2,0,3,2.5,1.5,3,Pascal,2.5,6,0,49.5,False,81.6,535,,,64,0,0,0,60307.jpg,2.6,0,0,Groß,0.6,False,,a,4,36,112.0,21,61090,1093,77389,1191,0.4,3.3,Groß,0
38,0,0,101,100.0,100.0,3,86153,0,0,0,0,91.3,0,2,3.2,2.2,6,Martín,3.2,9,0,22.3,False,102.6,630,,2019-09-14T16:30:10.724610Z,45,0,0,0,86153.jpg,3.0,0,0,Montoya,0.7,False,,a,4,36,28.0,21,47207,1389,49645,1006,0.7,4.7,Montoya,1
106,0,3,116,,,1,41270,0,0,-2,2,20.4,1,2,5.8,5.3,15,David,4.8,11,1,24.7,False,182.8,630,,,58,0,0,0,41270.jpg,3.0,0,0,Luiz Moreira Marinho,5.5,False,,a,1,3,43.0,21,68983,15362,321759,3665,0.8,3.6,David Luiz,2
371,0,2,102,,,1,43250,0,0,-1,1,176.8,0,3,3.0,4.0,3,Tom,4.0,16,1,45.1,False,99.4,546,,,49,0,0,0,43250.jpg,3.0,0,0,Cleverley,0.3,False,,a,18,57,174.0,21,17985,1584,9473,1156,0.8,4.3,Cleverley,0
161,1,0,99,100.0,100.0,2,172850,0,0,-1,1,91.3,0,2,2.5,1.5,1,Benjamin,2.5,5,0,22.3,False,99.2,540,,2019-08-18T16:00:08.220647Z,54,0,0,0,172850.jpg,3.5,0,0,Chilwell,4.1,False,,a,9,13,32.0,21,106486,15154,185356,4463,0.5,3.9,Chilwell,1
302,1,0,127,,,3,79934,0,0,-1,1,250.2,0,3,2.0,3.0,3,Oliver,3.0,7,0,44.3,False,161.2,679,,,49,0,0,0,79934.jpg,2.6,0,0,Norwood,0.3,False,,a,15,49,32.0,21,11923,634,18382,758,0.6,4.3,Norwood,1
105,2,1,138,,,1,41328,0,0,-1,1,182.6,0,2,4.0,4.0,2,César,3.5,14,0,41.2,False,183.8,720,,,59,0,0,0,41328.jpg,2.6,0,0,Azpilicueta,6.2,False,,a,6,8,45.0,21,111379,6344,243525,7298,0.6,3.6,Azpilicueta,0
143,0,2,126,,,2,106611,0,0,0,0,15.5,0,2,1.2,1.2,2,Michael,1.2,13,0,18.4,False,143.2,720,,,55,0,0,0,106611.jpg,2.6,0,0,Keane,2.9,False,,a,8,11,25.0,21,116316,1457,138469,5021,0.2,3.8,Keane,0
160,0,0,132,,,2,95658,-1,1,-1,1,66.6,0,2,2.3,3.3,2,Harry,2.8,8,0,35.3,False,166.2,720,,,54,0,0,0,95658.jpg,2.6,0,0,Maguire,14.6,False,,a,12,1,119.0,21,325295,6510,571287,34083,0.5,3.8,Maguire,1
466,0,3,74,100.0,100.0,2,180974,0,0,-2,2,115.0,0,4,1.3,1.3,1,Joelinton Cássio,1.8,10,1,35.4,False,75.8,630,,2019-08-28T18:30:16.689545Z,58,0,0,0,180974.jpg,2.5,0,0,Apolinário de Lira,1.3,False,,a,13,4,163.0,20,99225,1048,172944,4825,0.3,3.4,Joelinton,2
142,0,4,134,,,2,164511,-1,1,-1,1,5.4,0,2,0.5,0.5,2,Yerry,0.5,13,0,31.1,False,156.2,720,,,54,1,0,0,164511.jpg,2.5,0,0,Mina,3.4,False,,a,8,11,149.0,20,346288,1680,282769,8777,0.1,3.7,Mina,1
151,1,0,94,,,2,55422,0,0,-4,4,301.7,0,3,1.8,1.8,1,Gylfi,1.8,10,0,57.2,False,103.2,627,,,76,0,0,0,55422.jpg,2.5,0,0,Sigurdsson,3.7,False,,a,8,11,167.0,20,90461,1453,683449,10499,0.2,2.6,Sigurdsson,0
147,0,0,59,,,2,177815,0,0,-2,2,18.3,0,4,3.5,3.5,2,Dominic,3.5,8,2,24.7,False,74.6,476,,,58,0,0,0,177815.jpg,2.9,0,0,Calvert-Lewin,1.1,False,,a,8,11,155.0,20,67438,2796,113937,3537,0.6,3.4,Calvert-Lewin,1
134,0,3,81,100.0,0.0,3,66975,0,0,-3,3,223.9,1,3,2.2,0.0,0,Luka,3.2,7,1,39.8,False,124.6,630,,2019-09-29T09:30:20.636934Z,67,0,0,0,66975.jpg,2.9,0,0,Milivojevic,2.7,False,,a,7,31,50.0,20,25555,979,358529,4072,0.5,3.0,Milivojevic,5
138,1,0,86,100.0,100.0,4,50471,0,0,-2,2,87.7,0,3,1.5,2.5,2,James,2.5,3,0,25.0,False,88.6,601,,2019-09-13T12:30:19.034726Z,53,0,0,0,50471.jpg,2.9,0,0,McArthur,0.8,False,,a,7,31,73.0,20,13432,386,76362,1339,0.5,3.8,McArthur,1
265,2,0,57,,,2,168580,0,0,-5,5,85.6,0,3,3.2,2.2,4,Ayoze,3.2,4,0,25.8,False,67.6,430,,,60,0,0,0,168580.jpg,2.9,0,0,Pérez,3.3,False,,a,9,13,103.0,20,73962,3170,849413,4552,0.5,3.3,Pérez,0
349,1,0,98,,,2,45268,0,0,0,0,91.0,0,3,3.2,3.2,2,Moussa,2.2,10,0,24.0,False,78.4,696,,,50,0,0,0,45268.jpg,2.5,0,0,Sissoko,2.0,False,,a,17,6,71.0,20,134321,840,144853,6414,0.4,4.0,Sissoko,1
320,0,2,65,100.0,100.0,1,83283,0,0,-2,2,111.0,1,3,1.5,1.0,2,Nathan,1.5,12,1,35.9,False,69.2,527,,2019-08-27T21:30:10.776482Z,63,0,0,0,83283.jpg,3.3,0,0,Redmond,0.7,False,,a,16,20,177.0,20,24475,769,116109,1174,0.2,3.2,Redmond,0
75,1,2,70,100.0,75.0,0,90105,0,0,-4,4,120.1,0,3,2.2,1.3,1,Ryan,2.2,8,1,29.9,False,95.6,447,,2019-09-28T16:00:16.992466Z,71,0,0,0,90105.jpg,2.9,0,0,Fraser,4.1,False,,a,3,91,85.0,20,96058,2069,979662,10956,0.3,2.8,Fraser,1
331,1,1,138,,,1,55605,0,0,0,0,47.9,1,2,4.5,4.5,1,Toby,3.5,12,0,26.0,False,198.2,720,,,55,0,0,0,55605.jpg,2.5,0,0,Alderweireld,6.9,False,,a,17,6,14.0,20,197101,4325,253955,22167,0.6,3.6,Alderweireld,0
133,1,0,52,,,2,82403,-1,1,-3,3,114.9,0,3,2.0,3.0,2,Wilfried,3.0,8,0,51.3,False,118.2,655,,,67,0,0,0,82403.jpg,2.4,0,0,Zaha,9.2,False,,a,7,31,280.0,19,237222,5838,839884,19183,0.4,2.8,Zaha,1
239,1,0,49,50.0,25.0,1,148225,0,0,0,0,34.7,0,3,-0.2,0.1,0,Anthony,0.0,3,2,26.5,False,93.6,270,Thigh injury - 50% chance of playing,2019-08-24T18:00:17.601995Z,75,0,0,0,148225.jpg,6.3,0,0,Martial,3.1,False,,d,12,1,136.0,19,902857,1584,1158909,10576,0.0,2.5,Martial,1
144,1,2,124,0.0,,2,59949,0,0,-1,1,83.1,0,2,0.0,1.8,-2,Seamus,1.8,12,0,29.3,False,115.6,665,Suspended until 26 Oct,2019-10-05T16:00:14.004301Z,54,0,0,0,59949.jpg,2.4,1,0,Coleman,2.2,False,,s,8,11,94.0,19,103120,254,177859,22230,0.3,3.5,Coleman,2
197,1,2,130,,,2,116643,0,0,0,0,133.8,0,3,2.3,2.8,1,Fabio Henrique,1.8,6,0,28.7,False,135.0,646,,,55,0,0,0,116643.jpg,2.4,0,0,Tavares,1.5,False,,a,10,14,18.0,19,74060,1898,70213,4488,0.3,3.5,Fabinho,3
529,0,3,99,,,1,194794,0,0,2,-2,27.3,1,2,5.0,5.0,2,Fikayo,4.5,7,1,19.3,False,135.0,450,,,47,0,0,0,194794.jpg,3.8,0,0,Tomori,5.3,False,,a,6,8,29.0,19,378998,39147,29937,7837,1.0,4.0,Tomori,1
137,1,1,58,100.0,100.0,3,86417,0,0,0,0,65.8,0,3,1.0,2.0,2,Jeffrey,2.0,6,0,31.8,False,87.8,547,,2019-08-09T13:00:14.642811Z,55,0,0,0,86417.jpg,2.7,0,0,Schlupp,0.1,False,,a,7,31,165.0,19,8612,127,9675,390,0.4,3.5,Schlupp,1
414,0,1,79,,,2,171317,0,0,-1,1,48.3,0,3,1.5,0.5,2,Rúben Diogo,1.5,10,1,21.7,False,110.0,559,,,54,0,0,0,171317.jpg,2.4,0,0,da Silva Neves,6.5,False,,a,20,39,57.0,19,228780,2786,365448,13476,0.3,3.5,Neves,3
307,0,1,125,,,2,171771,0,0,0,0,14.4,0,2,1.8,1.3,0,Jan,1.8,15,0,19.2,False,167.0,720,,,45,0,0,0,171771.jpg,2.2,0,0,Bednarek,0.9,False,,a,16,20,10.0,18,44225,264,35032,1829,0.4,4.0,Bednarek,1
503,0,1,105,,,2,19419,0,0,0,0,23.5,0,2,1.5,2.5,2,Gary,2.5,7,0,26.7,False,118.4,540,,,45,0,0,0,19419.jpg,3.0,0,0,Cahill,1.8,False,,a,7,31,124.0,18,56259,2160,75358,2397,0.6,4.0,Cahill,1
410,0,3,46,50.0,50.0,1,194634,-1,1,-4,4,63.7,0,4,1.4,0.9,0,Diogo,2.8,9,1,32.4,False,66.2,452,Toe Injury - 50% chance of playing,2019-09-28T16:00:17.602424Z,61,0,0,0,194634.jpg,3.0,0,0,Jota,3.6,False,,d,20,39,195.0,18,132974,369,714755,14615,0.5,3.0,Jota,0
122,0,2,112,50.0,50.0,2,214590,-1,1,-1,1,76.2,0,2,0.7,1.1,0,Aaron,1.8,6,0,22.8,False,130.2,540,Illness - 50% chance of playing,2019-09-30T19:00:19.435462Z,54,0,0,0,214590.jpg,3.0,0,0,Wan-Bissaka,19.1,False,,d,12,1,21.0,18,494209,721,1417399,97030,0.3,3.3,Wan-Bissaka,2
508,2,0,54,,,1,128198,0,0,0,0,103.3,0,3,2.8,2.3,1,Sofiane,2.8,8,0,33.7,False,87.4,367,,,55,0,0,0,128198.jpg,2.6,0,0,Boufal,0.2,False,,a,16,20,147.0,18,12140,269,8759,662,0.5,3.3,Boufal,0
458,1,0,75,,,2,203368,0,0,-1,1,71.8,0,2,3.0,2.5,1,Frédéric,3.0,7,0,20.2,False,101.6,534,,,44,0,0,0,203368.jpg,3.0,0,0,Guilbert,0.8,False,,a,2,7,29.0,18,48422,1450,33371,1597,0.7,4.1,Guilbert,3
206,0,0,123,,,2,206325,-1,1,-1,1,197.3,0,2,1.8,1.8,0,Oleksandr,0.8,9,0,37.0,False,124.4,585,,,54,0,0,0,206325.jpg,2.6,0,0,Zinchenko,8.5,False,,a,11,43,48.0,18,572125,4167,709175,35109,0.1,3.3,Zinchenko,0
378,1,3,100,100.0,100.0,2,105717,0,0,0,0,63.0,1,2,0.8,0.8,0,Arthur,0.8,2,0,17.8,False,103.2,336,,2019-09-16T21:30:11.964684Z,45,0,0,0,105717.jpg,4.5,1,0,Masuaku,0.9,False,,a,19,21,12.0,18,85459,253,59886,3345,0.2,4.0,Masuaku,1
267,2,0,58,100.0,100.0,2,104953,0,0,-1,1,132.0,0,3,2.0,2.0,1,Christian,2.5,9,0,24.9,False,83.2,431,,2019-08-16T12:00:11.640631Z,54,0,0,0,104953.jpg,3.0,0,0,Atsu,0.2,False,,a,13,4,33.0,18,19290,241,16271,950,0.5,3.3,Atsu,1
211,1,0,76,100.0,100.0,1,205651,0,0,0,0,27.4,0,4,3.8,3.8,1,Gabriel Fernando,2.8,3,2,32.0,False,86.6,205,,2019-08-25T15:30:15.252763Z,95,0,0,0,205651.jpg,3.6,0,0,de Jesus,1.5,False,,a,11,43,208.0,18,60947,1309,158748,2460,0.3,1.9,Jesus,0
55,1,3,76,100.0,100.0,2,109345,0,0,-1,1,114.1,0,3,2.2,1.2,0,Solomon,2.2,6,0,30.3,False,97.0,426,,2019-09-21T18:30:19.376002Z,49,0,0,0,109345.jpg,3.6,0,0,March,0.4,False,,a,4,36,91.0,18,30779,311,38361,1317,0.4,3.7,March,0
57,0,0,110,,,3,40845,0,0,0,0,59.1,0,3,2.2,1.2,2,Dale,2.2,9,0,23.9,False,118.0,706,,,45,0,0,0,40845.jpg,2.2,0,0,Stephens,2.9,False,,a,4,36,61.0,18,121591,4716,132806,5141,0.5,4.0,Stephens,1
402,0,0,89,,,2,114128,0,0,-1,1,44.7,0,2,2.2,1.2,1,Jonathan,2.2,8,0,20.3,False,101.0,556,,,54,0,0,0,114128.jpg,2.6,0,0,Castro Otto,0.9,False,,a,20,39,58.0,18,16698,1196,40641,1147,0.4,3.3,Jonny,1
395,0,0,111,,,3,204480,0,0,-1,1,40.1,0,3,2.5,2.5,2,Declan,2.5,11,0,19.4,False,127.6,720,,,49,0,0,0,204480.jpg,2.2,0,0,Rice,1.8,False,,a,19,21,27.0,18,34925,1258,92270,3249,0.5,3.7,Rice,1
4,2,3,92,100.0,100.0,1,154043,0,0,0,0,108.2,1,2,1.2,0.7,0,Ainsley,0.2,10,0,27.1,False,136.4,490,,2019-09-22T18:00:10.824841Z,50,0,0,0,154043.jpg,2.8,1,0,Maitland-Niles,5.1,False,,a,1,3,31.0,17,538920,1583,387620,19587,0.0,3.4,Maitland-Niles,0
96,0,1,58,100.0,100.0,3,60586,0,0,-1,1,113.7,0,3,0.8,0.8,3,Johann Berg,0.8,2,1,26.7,False,74.4,309,,2019-08-25T18:00:16.403317Z,59,0,0,0,60586.jpg,4.2,0,0,Gudmundsson,0.6,False,,a,5,90,79.0,17,79133,112,102393,749,0.1,2.9,Gudmundsson,0
246,1,0,50,,,2,156689,0,0,0,0,82.0,0,3,1.5,2.5,2,Andreas,2.0,5,0,27.7,False,68.0,484,,,50,0,0,0,156689.jpg,2.4,0,0,Pereira,0.5,False,,a,12,1,127.0,17,74408,316,72470,1601,0.4,3.4,Pereira,1
266,0,0,43,100.0,100.0,3,179018,0,0,-2,2,47.6,0,3,1.7,1.7,2,Miguel,2.2,11,0,24.8,False,50.8,660,,2019-08-28T18:30:16.472453Z,58,0,0,0,179018.jpg,2.1,0,0,Almirón,0.5,False,,a,13,4,154.0,17,19208,334,45012,999,0.4,2.9,Almirón,2
139,1,0,49,100.0,100.0,3,55037,0,0,-1,1,34.7,0,3,2.0,3.0,5,Cheikhou,3.0,6,0,15.4,False,41.4,496,,2019-09-14T16:30:11.053549Z,49,0,0,0,55037.jpg,2.8,0,0,Kouyaté,0.2,False,,a,7,31,81.0,17,5010,592,8501,264,0.6,3.5,Kouyaté,1
534,0,3,58,75.0,,1,233425,0,0,0,0,29.6,1,4,3.0,3.0,13,Aaron,4.0,3,2,24.9,False,73.6,154,Knock - 75% chance of playing,2019-10-05T14:00:20.259443Z,45,0,0,0,233425.jpg,3.4,0,0,Connolly,1.0,False,,d,4,36,146.0,17,78061,33421,20004,4636,0.9,3.8,Connolly,0
152,0,3,52,100.0,75.0,2,100649,0,0,0,0,73.8,1,3,0.2,0.2,0,Bernard,0.2,3,1,23.6,False,72.2,328,,2019-09-28T19:00:18.071389Z,65,0,0,0,100649.jpg,2.8,0,0,Anício Caldeira Duarte,0.9,False,,a,8,11,91.0,17,173927,354,171828,3383,0.0,2.6,Bernard,2
188,1,3,60,100.0,100.0,0,152760,0,0,-2,2,45.4,0,4,1.3,1.8,1,Divock,0.8,4,1,13.6,False,55.2,163,,2019-09-14T13:30:10.426607Z,53,0,0,0,152760.jpg,2.8,0,0,Origi,2.9,False,,a,10,14,35.0,17,324071,2051,470384,6316,0.2,3.2,Origi,0
54,1,0,80,75.0,50.0,2,66242,0,0,0,0,91.2,0,3,0.9,0.1,0,Davy,1.2,8,0,26.6,False,102.2,540,Hamstring injury - 75% chance of playing,2019-09-29T10:30:09.519275Z,50,0,0,0,66242.jpg,2.8,0,0,Pröpper,0.5,False,,d,4,36,72.0,17,79232,18,72727,2671,0.2,3.4,Pröpper,0
172,1,0,64,,,0,201666,0,0,-1,1,72.2,0,3,2.0,1.0,1,Harvey,2.0,3,1,27.7,False,79.6,330,,,59,0,0,0,201666.jpg,2.4,0,0,Barnes,0.3,False,,a,9,13,123.0,17,13127,510,14451,670,0.3,2.9,Barnes,0
17,0,2,72,,,0,153133,0,0,-1,1,100.8,0,3,1.8,1.8,2,Alex,1.8,10,1,35.7,False,89.6,385,,,59,0,0,0,153133.jpg,2.8,0,0,Iwobi,1.6,False,,a,8,11,166.0,17,112217,954,169102,5277,0.3,2.9,Iwobi,0
28,1,1,67,,,1,85242,0,0,-3,3,87.8,1,3,3.5,3.0,11,Conor,3.5,4,1,24.7,False,83.4,272,,,57,0,0,0,85242.jpg,3.4,0,0,Hourihane,0.1,False,,a,2,7,76.0,17,3309,1255,13598,212,0.6,3.0,Hourihane,1
119,0,1,57,100.0,100.0,0,116594,0,0,0,0,25.1,0,3,4.3,4.3,7,N'Golo,3.8,5,2,16.7,False,107.6,287,,2019-09-28T16:00:17.110514Z,50,0,0,0,116594.jpg,4.2,0,0,Kanté,5.2,False,,a,6,8,35.0,17,226029,24033,383799,4417,0.8,3.4,Kanté,1
364,0,2,55,,,0,73426,0,0,-2,2,83.9,0,4,0.0,1.0,1,Andre,1.0,9,1,30.1,False,52.8,395,,,58,0,0,0,73426.jpg,2.1,0,0,Gray,0.5,False,,a,18,57,168.0,17,30931,298,55234,1493,0.2,2.9,Gray,0
431,3,0,60,,,0,176413,0,0,-3,3,69.3,0,3,1.5,1.5,4,Christian,1.0,8,0,22.5,False,62.4,285,,,72,0,0,0,176413.jpg,3.4,0,0,Pulisic,3.2,False,,a,6,8,93.0,17,212056,1415,596562,10100,0.1,2.4,Pulisic,0
363,1,2,63,100.0,100.0,0,94924,0,0,-4,4,184.6,0,4,1.5,2.5,1,Gerard,2.5,15,0,54.2,False,89.2,446,,2019-08-04T11:30:17.304977Z,61,0,0,0,94924.jpg,2.0,0,0,Deulofeu,1.9,False,,a,18,57,270.0,16,71015,1277,318340,6130,0.4,2.6,Deulofeu,1
255,0,2,111,,,2,106618,0,0,0,0,21.7,0,2,1.0,1.0,0,Paul,1.5,13,0,19.5,False,133.6,630,,,45,1,0,0,106618.jpg,2.3,0,0,Dummett,0.3,False,,a,13,4,42.0,16,18041,122,14761,689,0.3,3.6,Dummett,2
328,0,0,114,,,2,78056,0,0,0,0,90.3,0,3,2.0,1.5,2,Oriol,2.0,14,0,25.0,False,123.0,693,,,45,0,0,0,78056.jpg,2.0,0,0,Romeu Vidal,1.2,False,,a,16,20,37.0,16,43977,1082,50890,2178,0.4,3.6,Oriol Romeu,2
345,1,0,54,,,0,95715,-1,1,-4,4,58.5,0,3,1.8,1.8,1,Lucas,0.8,2,1,27.8,False,72.2,240,,,71,0,0,0,95715.jpg,2.7,0,0,Rodrigues Moura da Silva,4.1,False,,a,17,6,151.0,16,247768,1541,699494,13826,0.1,2.3,Lucas Moura,0
111,0,0,121,,,1,109745,0,0,0,0,0.0,0,1,3.3,3.3,2,Kepa,2.8,14,0,12.9,False,128.6,720,,,55,0,0,0,109745.jpg,2.0,0,14,Arrizabalaga,5.2,False,,a,6,8,0.0,16,164275,20793,194402,7172,0.5,2.9,Kepa,0
493,0,2,97,,,2,110735,0,0,-1,1,47.3,0,2,4.0,3.0,6,Adam,4.0,7,0,16.1,False,99.8,450,,,44,0,0,0,110735.jpg,3.2,0,0,Webster,0.2,False,,a,4,36,14.0,16,5977,2304,4247,412,0.9,3.6,Webster,1
286,0,0,102,75.0,100.0,0,78607,0,0,-1,1,51.0,0,3,3.0,3.5,2,Kenny,3.0,15,1,18.8,False,117.8,471,Hip injury - 75% chance of playing,2019-10-09T20:30:12.707077Z,49,0,0,0,78607.jpg,2.3,0,0,McLean,0.2,False,,d,14,45,20.0,16,7979,181,8903,682,0.6,3.3,McLean,1
501,0,1,54,75.0,,3,169432,0,0,-1,1,48.1,0,4,0.8,1.8,1,Oliver,1.8,4,1,21.8,False,71.0,457,Muscle injury - 75% chance of playing,2019-10-08T09:00:11.047638Z,59,0,0,0,169432.jpg,2.0,0,0,McBurnie,0.1,False,,d,15,49,98.0,16,9031,180,11009,866,0.3,2.7,McBurnie,2
24,0,0,95,,,2,47390,0,0,0,0,27.5,0,2,1.8,1.3,0,Neil,1.8,11,0,14.5,False,90.8,568,,,45,0,0,0,47390.jpg,2.3,0,0,Taylor,0.3,False,,a,2,7,26.0,16,15708,422,13537,1010,0.4,3.6,Taylor,1
103,2,0,92,,,1,82263,0,0,-3,3,105.5,0,2,4.3,4.3,5,Marcos,3.8,4,0,25.4,False,97.6,346,,,62,0,0,0,82263.jpg,3.2,0,0,Alonso,2.8,False,,a,6,8,52.0,16,69678,9466,204164,3708,0.6,2.6,Alonso,2
438,0,3,65,0.0,0.0,1,431131,-1,1,-3,3,13.1,1,3,0.0,0.0,0,Moussa,2.8,0,2,16.9,False,92.0,123,Muscle injury - Unknown return date,2019-09-19T14:00:13.683201Z,52,0,0,0,431131.jpg,5.3,0,0,Djenepo,0.1,False,,i,16,20,63.0,16,17827,69,18403,716,0.5,3.0,Djenepo,2
437,1,0,26,,,2,200439,0,0,-4,4,75.9,0,4,2.0,1.5,1,Che,2.0,7,0,25.5,False,16.8,454,,,56,0,0,0,200439.jpg,2.3,0,0,Adams,0.5,False,,a,16,20,171.0,16,24452,561,73445,1737,0.4,2.9,Adams,0
135,0,0,78,,,1,60252,0,0,-3,3,42.8,0,3,1.2,2.2,1,Andros,2.2,6,1,17.2,False,94.0,288,,,57,0,0,0,60252.jpg,2.3,0,0,Townsend,1.6,False,,a,7,31,35.0,16,32935,628,160587,3319,0.4,2.8,Townsend,0
325,0,0,73,,,2,132015,0,0,-2,2,107.9,0,3,2.2,1.7,2,Pierre-Emile,2.2,13,0,32.1,False,104.2,647,,,48,0,0,0,132015.jpg,2.0,0,0,Højbjerg,0.4,False,,a,16,20,110.0,16,10233,523,34734,899,0.5,3.3,Højbjerg,1
271,1,2,73,0.0,0.0,2,153127,0,0,0,0,55.3,0,3,0.0,0.0,0,Isaac,0.8,13,0,23.0,False,119.6,582,Suspended until 02 Nov,2019-09-29T18:00:18.547838Z,45,0,0,0,153127.jpg,2.3,1,0,Hayden,5.0,False,,s,13,4,54.0,16,214054,164,336293,25432,0.2,3.6,Hayden,1
420,0,0,53,75.0,100.0,3,151589,0,0,-1,1,40.1,0,3,1.8,0.8,3,Leander,1.8,8,0,18.3,False,66.2,590,Illness - 75% chance of playing,2019-10-11T10:00:13.063158Z,44,1,0,0,151589.jpg,1.9,0,0,Dendoncker,10.0,False,,d,20,39,77.0,15,354044,14587,609233,21483,0.4,3.4,Dendoncker,0
270,1,0,65,100.0,100.0,2,180135,0,0,0,0,114.7,0,3,0.7,0.7,3,Sean,1.2,8,0,24.1,False,93.6,442,,2019-09-13T09:00:17.822637Z,50,0,0,0,180135.jpg,2.5,0,0,Longstaff,0.4,False,,a,13,4,32.0,15,13696,980,37748,503,0.2,3.0,Longstaff,1
369,0,0,53,100.0,100.0,1,61566,0,0,-3,3,119.8,0,3,1.8,2.8,3,Roberto,2.8,8,1,32.1,False,77.0,444,,2019-08-22T16:30:07.861792Z,57,0,0,0,61566.jpg,2.1,0,0,Pereyra,1.0,False,,a,18,57,124.0,15,16072,481,204408,2024,0.5,2.6,Pereyra,1
404,0,0,81,,,2,41727,0,0,-1,1,32.2,0,2,1.5,0.5,6,Ryan,1.5,5,0,14.0,False,93.4,437,,,49,0,0,0,41727.jpg,3.0,0,0,Bennett,0.5,False,,a,20,39,14.0,15,12353,510,25879,575,0.3,3.1,Bennett,2
238,2,0,67,50.0,25.0,1,74208,0,0,-1,1,168.0,0,3,0.0,0.2,0,Paul,0.5,5,0,33.4,False,98.6,450,Ankle injury - 50% chance of playing,2019-10-02T12:30:15.251342Z,84,0,1,0,74208.jpg,3.0,0,0,Pogba,3.9,False,,d,12,1,67.0,15,273322,623,581873,9670,0.1,1.8,Pogba,0
3,1,1,93,100.0,100.0,1,111457,0,0,-1,1,76.1,0,2,4.2,3.7,7,Sead,3.2,7,0,18.6,False,87.6,469,,2019-09-19T23:30:10.394662Z,54,0,0,0,111457.jpg,2.5,0,0,Kolasinac,0.9,False,,a,1,3,23.0,15,32120,4143,73993,1289,0.6,2.8,Kolasinac,1
